state,model,rmse,mae,mape,training_time_seconds,version,timestamp
California,arima,901787663.0304,514781057.5563,135.6154,1.898,v1,2026-05-07T07:44:17.541272Z
California,prophet,670541195.5561,610782910.0752,75.864,2.486,v1,2026-05-07T07:44:17.541272Z
California,xgboost,508038152.9794,451795884.975,39.4438,0.451,v1,2026-05-07T07:44:17.541272Z
California,lstm,589552980.626,485369516.1686,77.5216,27.375,v1,2026-05-07T07:44:17.541272Z
Texas,arima,1219277619.9135,805375119.5186,176.485,8.936,v1,2026-05-07T07:44:37.978881Z
Texas,prophet,675927968.5521,605979468.2476,77.1413,0.534,v1,2026-05-07T07:44:37.978881Z
Texas,xgboost,467738079.8135,425977101.825,33.5495,1.196,v1,2026-05-07T07:44:37.978881Z
Texas,lstm,614006900.0798,524139594.4274,75.6849,6.284,v1,2026-05-07T07:44:37.978881Z
Arizona,arima,231277930.9278,126055166.1934,136.6032,27.19,v1,2026-05-07T08:02:35.137290Z
Arizona,prophet,170220773.4036,156216154.0295,74.9002,5.463,v1,2026-05-07T08:02:35.137290Z
Arizona,xgboost,123973899.1672,105886582.05,24.3786,2.363,v1,2026-05-07T08:02:35.137290Z
Arizona,lstm,150358777.0975,125617920.6738,77.0454,59.023,v1,2026-05-07T08:02:35.137290Z
California,arima,901787663.0304,514781057.5563,135.6154,26.023,v2,2026-05-07T08:02:42.285200Z
California,prophet,670541195.5561,610782910.0752,75.864,5.66,v2,2026-05-07T08:02:42.285200Z
California,xgboost,508038152.9794,451795884.975,39.4438,2.387,v2,2026-05-07T08:02:42.285200Z
California,lstm,582475633.8195,458961571.2219,79.6232,60.048,v2,2026-05-07T08:02:42.285200Z
Arkansas,arima,112918501.561,64223915.9605,136.5882,27.145,v1,2026-05-07T08:02:53.496299Z
Arkansas,prophet,82939060.9501,75447468.1039,75.7573,6.097,v1,2026-05-07T08:02:53.496299Z
Arkansas,xgboost,69753074.8027,58155709.8625,50.14,2.67,v1,2026-05-07T08:02:53.496299Z
Arkansas,lstm,72561856.5046,58564500.5663,78.3185,77.896,v1,2026-05-07T08:02:53.496299Z
Alabama,arima,212281470.8984,119033456.8076,137.3614,26.703,v1,2026-05-07T08:02:53.735713Z
Alabama,prophet,153606904.8688,137748545.5092,77.1496,6.41,v1,2026-05-07T08:02:53.735713Z
Alabama,xgboost,103726482.8187,84422065.3625,42.0043,2.542,v1,2026-05-07T08:02:53.735713Z
Alabama,lstm,137453040.4159,113699068.1328,77.3754,77.075,v1,2026-05-07T08:02:53.735713Z
Colorado,arima,182557399.9329,101466585.5484,136.3305,6.661,v1,2026-05-07T08:03:46.204286Z
Colorado,prophet,133031072.2735,120292799.8303,76.0928,1.813,v1,2026-05-07T08:03:46.204286Z
Colorado,xgboost,104521455.1673,88084277.525,49.5948,13.768,v1,2026-05-07T08:03:46.204286Z
Colorado,lstm,118004884.0728,96569144.6254,77.7047,35.751,v1,2026-05-07T08:03:46.204710Z
Connecticut,arima,91949160.6184,51633728.7028,136.9869,5.457,v1,2026-05-07T08:03:50.170181Z
Connecticut,prophet,66208592.7317,59885093.2222,75.5396,1.177,v1,2026-05-07T08:03:50.170181Z
Connecticut,xgboost,37246874.7805,29566776.4,43.8226,13.705,v1,2026-05-07T08:03:50.170181Z
Connecticut,lstm,59542161.2796,49790267.7602,76.6441,36.881,v1,2026-05-07T08:03:50.170181Z
Florida,arima,1270861607.2682,1003466984.0249,195.1118,6.639,v1,2026-05-07T08:03:58.178083Z
Florida,prophet,578035832.8793,523320520.5641,76.195,1.078,v1,2026-05-07T08:03:58.178083Z
Florida,xgboost,401956542.1002,304434443.6875,55.9382,4.441,v1,2026-05-07T08:03:58.178083Z
Florida,lstm,511522571.6878,419887446.627,77.5721,41.914,v1,2026-05-07T08:03:58.178083Z
Georgia,arima,390274341.4722,225958731.2355,135.9467,6.975,v1,2026-05-07T08:04:00.321903Z
Georgia,prophet,286986203.3363,259841480.3277,76.2018,1.028,v1,2026-05-07T08:04:00.321903Z
Georgia,xgboost,198275316.2373,166284251.6,39.6632,4.428,v1,2026-05-07T08:04:00.321903Z
Georgia,lstm,251343861.3016,196433756.0592,80.1298,43.601,v1,2026-05-07T08:04:00.321903Z
Indiana,arima,229956816.0459,130210367.1752,136.4185,2.78,v1,2026-05-07T08:04:37.061119Z
Indiana,prophet,168232646.4467,154049290.6466,74.7759,2.19,v1,2026-05-07T08:04:37.061119Z
Indiana,xgboost,98242157.7127,81647656.2,32.2138,7.692,v1,2026-05-07T08:04:37.061119Z
Indiana,lstm,146714065.184,117782114.0305,78.5897,25.575,v1,2026-05-07T08:04:37.061119Z
Iowa,arima,118445022.339,66864034.7139,136.2373,3.943,v1,2026-05-07T08:04:44.348879Z
Iowa,prophet,86326739.2312,78407955.999,75.7239,0.977,v1,2026-05-07T08:04:44.348879Z
Iowa,xgboost,68021965.7635,54725740.9,51.9927,5.564,v1,2026-05-07T08:04:44.348879Z
Iowa,lstm,76412020.3386,63006556.005,77.3129,26.237,v1,2026-05-07T08:04:44.348879Z
Illinois,arima,332655826.1666,186911119.4809,135.3204,3.637,v1,2026-05-07T08:04:49.640328Z
Illinois,prophet,245377779.233,224308163.5126,74.824,2.391,v1,2026-05-07T08:04:49.640328Z
Illinois,xgboost,147230798.0111,126307938.3,32.1343,11.118,v1,2026-05-07T08:04:49.640328Z
Illinois,lstm,217394539.691,180371934.6618,77.1282,33.877,v1,2026-05-07T08:04:49.640328Z
Kansas,arima,91557292.6886,52931878.3006,135.7052,3.215,v1,2026-05-07T08:04:54.449681Z
Kansas,prophet,66614526.9256,59990804.0581,76.2202,1.048,v1,2026-05-07T08:04:54.449681Z
Kansas,xgboost,44979591.3047,36616903.9875,28.982,5.584,v1,2026-05-07T08:04:54.449681Z
Kansas,lstm,60887787.5787,52643038.6858,74.6702,27.928,v1,2026-05-07T08:04:54.449681Z
Kentucky,arima,175117103.9192,103360121.3078,135.4236,3.095,v1,2026-05-07T08:05:27.420409Z
Kentucky,prophet,129105190.3729,117007186.2387,75.9399,4.808,v1,2026-05-07T08:05:27.420409Z
Kentucky,xgboost,108700688.1356,92532332.825,39.7905,15.761,v1,2026-05-07T08:05:27.420409Z
Kentucky,lstm,114779716.6643,95028781.1027,77.2231,21.032,v1,2026-05-07T08:05:27.420954Z
Louisiana,arima,189284026.3061,104504739.5368,136.295,3.12,v1,2026-05-07T08:05:31.000125Z
Louisiana,prophet,139706180.3898,127239635.1204,75.6036,4.817,v1,2026-05-07T08:05:31.000125Z
Louisiana,xgboost,115703499.8823,92065701.3375,55.4033,4.902,v1,2026-05-07T08:05:31.000125Z
Louisiana,lstm,122817508.1471,101107276.974,77.2269,20.988,v1,2026-05-07T08:05:31.000125Z
Maryland,arima,168112546.4711,97090150.1545,135.9269,5.161,v1,2026-05-07T08:05:40.989472Z
Maryland,prophet,121972184.4576,110067512.8436,75.9746,1.01,v1,2026-05-07T08:05:40.989472Z
Maryland,xgboost,93651183.2164,75242376.6375,58.2448,3.65,v1,2026-05-07T08:05:40.989472Z
Maryland,lstm,110137584.5631,93358721.9449,75.7676,28.182,v1,2026-05-07T08:05:40.989472Z
Maine,arima,47580032.3051,27968813.247,133.9635,6.332,v1,2026-05-07T08:05:49.956143Z
Maine,prophet,35302875.0264,31673801.7844,76.6664,1.003,v1,2026-05-07T08:05:49.956143Z
Maine,xgboost,23623552.268,21442043.125,31.1225,3.706,v1,2026-05-07T08:05:49.956143Z
Maine,lstm,31454919.3969,25755280.9009,77.388,37.803,v1,2026-05-07T08:05:49.956143Z
Massachusetts,arima,190064444.3717,107051599.3468,135.5506,3.344,v1,2026-05-07T08:06:14.451933Z
Massachusetts,prophet,137851568.2525,124279472.1008,75.9224,1.631,v1,2026-05-07T08:06:14.451933Z
Massachusetts,xgboost,86981569.8186,70250995.0,31.19,7.5,v1,2026-05-07T08:06:14.451933Z
Massachusetts,lstm,124448916.4275,104204702.5951,76.6369,23.47,v1,2026-05-07T08:06:14.451933Z
Michigan,arima,299568559.0424,175701083.5875,135.5565,4.788,v1,2026-05-07T08:06:14.594469Z
Michigan,prophet,216712132.8686,193362416.9445,77.1044,1.212,v1,2026-05-07T08:06:14.594469Z
Michigan,xgboost,146341586.1112,116134077.95,52.7106,7.421,v1,2026-05-07T08:06:14.594469Z
Michigan,lstm,195080015.1565,160156611.3244,77.6782,23.768,v1,2026-05-07T08:06:14.594469Z
Minnesota,arima,160901093.7264,91336843.6999,136.4518,2.845,v1,2026-05-07T08:06:25.180676Z
Minnesota,prophet,116286345.6434,106168811.9861,74.6588,1.076,v1,2026-05-07T08:06:25.180676Z
Minnesota,xgboost,80326872.5232,58696674.0375,59.1676,11.575,v1,2026-05-07T08:06:25.180676Z
Minnesota,lstm,102455836.9919,80736557.1304,79.9619,21.11,v1,2026-05-07T08:06:25.180676Z
Mississippi,arima,120918304.2367,62840229.8494,133.2131,3.167,v1,2026-05-07T08:06:34.730461Z
Mississippi,prophet,88716949.352,76996896.2485,78.3832,5.71,v1,2026-05-07T08:06:34.730461Z
Mississippi,xgboost,61572615.2424,48079483.1031,52.3789,2.659,v1,2026-05-07T08:06:34.730461Z
Mississippi,lstm,83057391.1263,69280867.14,77.301,21.829,v1,2026-05-07T08:06:34.730461Z
Missouri,arima,198317260.5577,115312378.2006,136.2999,4.692,v1,2026-05-07T08:06:57.282378Z
Missouri,prophet,145327901.3069,132496109.2067,75.4163,1.377,v1,2026-05-07T08:06:57.282378Z
Missouri,xgboost,108533240.9329,86832720.325,22.6105,7.402,v1,2026-05-07T08:06:57.282378Z
Missouri,lstm,128316400.0869,105363038.8473,77.8193,22.394,v1,2026-05-07T08:06:57.282378Z
Nebraska,arima,59723771.9374,31184001.514,131.8663,4.308,v1,2026-05-07T08:06:58.883368Z
Nebraska,prophet,44229942.793,38173659.5812,79.1153,1.242,v1,2026-05-07T08:06:58.883368Z
Nebraska,xgboost,35308272.7512,28969330.9563,29.8429,7.13,v1,2026-05-07T08:06:58.883368Z
Nebraska,lstm,40282876.8656,30395684.057,81.8945,22.771,v1,2026-05-07T08:06:58.883368Z
Nevada,arima,105657741.1101,59320261.5359,136.4431,3.254,v1,2026-05-07T08:07:07.874659Z
Nevada,prophet,77942656.0205,70774654.9415,76.3915,0.971,v1,2026-05-07T08:07:07.874659Z
Nevada,xgboost,56573697.8131,46268736.425,31.6202,8.368,v1,2026-05-07T08:07:07.874659Z
Nevada,lstm,69758947.8392,59720267.1552,75.4633,23.229,v1,2026-05-07T08:07:07.874659Z
New Hampshire,arima,57304710.7543,32468101.409,135.6361,3.214,v1,2026-05-07T08:07:17.366561Z
New Hampshire,prophet,41874256.907,37920414.5172,75.6334,7.121,v1,2026-05-07T08:07:17.366561Z
New Hampshire,xgboost,29719979.2914,24692799.5562,52.5789,2.299,v1,2026-05-07T08:07:17.366561Z
New Hampshire,lstm,37351789.2059,30334773.8505,78.512,22.502,v1,2026-05-07T08:07:17.366561Z
New Mexico,arima,74576132.092,41790699.1434,135.5951,3.128,v1,2026-05-07T08:07:41.000061Z
New Mexico,prophet,54248628.6253,48413369.8761,77.5488,1.251,v1,2026-05-07T08:07:41.001065Z
New Mexico,xgboost,45418547.3353,36497385.5187,32.591,8.926,v1,2026-05-07T08:07:41.001065Z
New Mexico,lstm,48469956.0449,39776913.9636,77.5593,20.475,v1,2026-05-07T08:07:41.001065Z
New York,arima,442320349.2907,259575543.515,134.2002,2.893,v1,2026-05-07T08:07:42.406078Z
New York,prophet,324010238.5041,289459041.0293,76.545,1.26,v1,2026-05-07T08:07:42.406078Z
New York,xgboost,193132939.1465,155416919.7875,34.7629,7.804,v1,2026-05-07T08:07:42.406078Z
New York,lstm,294419003.8998,245424737.1893,76.8325,20.918,v1,2026-05-07T08:07:42.406078Z
North Carolina,arima,369271645.6424,206401430.7033,136.8954,3.168,v1,2026-05-07T08:07:50.504339Z
North Carolina,prophet,269662928.1996,244701259.3742,76.159,0.757,v1,2026-05-07T08:07:50.504339Z
North Carolina,xgboost,196342031.2798,159025205.9375,16.8777,8.837,v1,2026-05-07T08:07:50.504339Z
North Carolina,lstm,239092777.3529,195650648.8605,78.3379,16.187,v1,2026-05-07T08:07:50.504339Z
Ohio,arima,381688962.0888,220425156.1044,135.4102,3.455,v1,2026-05-07T08:08:15.634610Z
Ohio,prophet,279952966.0663,252326490.6051,76.5187,7.781,v1,2026-05-07T08:08:15.634610Z
Ohio,xgboost,191556249.2282,153137333.3,20.1682,2.511,v1,2026-05-07T08:08:15.634610Z
Ohio,lstm,247146800.0232,195139913.238,79.7742,35.082,v1,2026-05-07T08:08:15.634610Z
Oklahoma,arima,150250470.33,83171287.9413,137.0016,3.229,v1,2026-05-07T08:08:41.512860Z
Oklahoma,prophet,110152370.915,100649902.5938,75.1984,3.158,v1,2026-05-07T08:08:41.512860Z
Oklahoma,xgboost,89215454.582,75342386.3875,44.9938,2.64,v1,2026-05-07T08:08:41.512860Z
Oklahoma,lstm,97978135.8605,82657511.8225,76.2784,25.708,v1,2026-05-07T08:08:41.512860Z
Pennsylvania,arima,375185585.2049,214276078.0444,136.093,4.555,v1,2026-05-07T08:08:51.515815Z
Pennsylvania,prophet,274670446.2652,250763009.1031,74.9855,1.125,v1,2026-05-07T08:08:51.515815Z
Pennsylvania,xgboost,145433379.9014,124533230.325,28.0051,2.006,v1,2026-05-07T08:08:51.515815Z
Pennsylvania,lstm,239185730.7191,185301012.158,80.3921,27.849,v1,2026-05-07T08:08:51.515815Z
Oregon,arima,114809055.8405,67187364.2159,135.3137,3.651,v1,2026-05-07T08:08:51.702118Z
Oregon,prophet,85172250.1499,77015565.0879,76.3406,10.846,v1,2026-05-07T08:08:51.702118Z
Oregon,xgboost,70689405.8609,60916363.975,40.43,2.307,v1,2026-05-07T08:08:51.702118Z
Oregon,lstm,75929413.3779,63466639.6712,76.6657,28.679,v1,2026-05-07T08:08:51.702118Z
Rhode Island,arima,26663393.3358,14985258.9818,136.6287,3.214,v1,2026-05-07T08:09:24.419415Z
Rhode Island,prophet,19168882.6068,17149325.4231,76.6882,1.557,v1,2026-05-07T08:09:24.419415Z
Rhode Island,xgboost,12239035.6779,10135356.7375,39.6733,5.703,v1,2026-05-07T08:09:24.419415Z
Rhode Island,lstm,17230733.9694,14186411.8191,77.33,44.874,v1,2026-05-07T08:09:24.419415Z
South Carolina,arima,197385473.6363,113168329.8749,135.3879,7.647,v1,2026-05-07T08:10:30.716782Z
South Carolina,prophet,144559124.7302,129292877.6399,77.3151,3.467,v1,2026-05-07T08:10:30.716782Z
South Carolina,xgboost,112617850.359,97316918.7625,46.3006,3.893,v1,2026-05-07T08:10:30.716782Z
South Carolina,lstm,128077812.6604,101162815.9586,79.634,72.195,v1,2026-05-07T08:10:30.716782Z
South Dakota,arima,29145895.8805,16654830.0243,135.9664,10.709,v1,2026-05-07T08:10:31.834493Z
South Dakota,prophet,21330266.0935,19352286.274,75.5929,2.193,v1,2026-05-07T08:10:31.834493Z
South Dakota,xgboost,18175772.5727,15649976.7438,35.688,3.247,v1,2026-05-07T08:10:31.834493Z
South Dakota,lstm,18953802.2341,15635468.6159,77.2723,73.218,v1,2026-05-07T08:10:31.834493Z
Tennessee,arima,264212572.7056,154259810.1625,135.6071,10.723,v1,2026-05-07T08:10:36.522055Z
Tennessee,prophet,193410350.7891,173785438.3011,76.9068,2.121,v1,2026-05-07T08:10:36.522055Z
Tennessee,xgboost,155482484.3843,130844708.5125,49.1203,3.226,v1,2026-05-07T08:10:36.522055Z
Tennessee,lstm,170605666.1574,134403566.3327,79.7318,73.992,v1,2026-05-07T08:10:36.522055Z
Texas,arima,1219277619.9135,805375119.5186,176.485,38.054,v2,2026-05-07T08:10:50.662712Z
Texas,prophet,675927968.5521,605979468.2476,77.1413,5.77,v2,2026-05-07T08:10:50.662712Z
Texas,xgboost,467738079.8135,425977101.825,33.5495,1.331,v2,2026-05-07T08:10:50.662712Z
Texas,lstm,601097114.4279,486054912.8253,78.529,31.09,v2,2026-05-07T08:10:50.662712Z
Utah,arima,87137483.864,48324585.5085,136.5663,2.911,v1,2026-05-07T08:11:09.173687Z
Utah,prophet,63790399.5901,58172506.7304,75.3079,1.393,v1,2026-05-07T08:11:09.173687Z
Utah,xgboost,49792023.0261,42251777.65,52.6094,2.791,v1,2026-05-07T08:11:09.173687Z
Utah,lstm,57126547.489,48973345.6849,75.0276,19.715,v1,2026-05-07T08:11:09.173687Z
Vermont,arima,18628985.5129,10489259.9602,137.1133,3.649,v1,2026-05-07T08:11:09.687136Z
Vermont,prophet,13694417.757,12520043.1424,74.8928,1.513,v1,2026-05-07T08:11:09.687136Z
Vermont,xgboost,8418843.1405,7537507.4125,37.6325,2.676,v1,2026-05-07T08:11:09.687136Z
Vermont,lstm,11985821.5554,9590913.1731,78.9315,19.474,v1,2026-05-07T08:11:09.687136Z
Virginia,arima,297009432.0984,168400916.7443,135.9614,4.635,v1,2026-05-07T08:11:18.621837Z
Virginia,prophet,215753610.3227,193722704.4205,76.8295,0.933,v1,2026-05-07T08:11:18.621837Z
Virginia,xgboost,176676401.7626,150741926.1,30.8141,2.223,v1,2026-05-07T08:11:18.621837Z
Virginia,lstm,191997260.255,154281707.891,78.9591,28.159,v1,2026-05-07T08:11:18.621837Z
Washington,arima,191163432.049,107920323.218,136.5067,2.789,v1,2026-05-07T08:11:26.944621Z
Washington,prophet,140919266.8709,129217221.9839,74.6013,3.956,v1,2026-05-07T08:11:26.944621Z
Washington,xgboost,132205571.9473,106479096.3125,59.8542,2.81,v1,2026-05-07T08:11:26.944621Z
Washington,lstm,122141440.6535,94087957.9289,80.7444,20.674,v1,2026-05-07T08:11:26.944621Z
Wisconsin,arima,160455708.1927,93068990.5728,135.9062,3.815,v1,2026-05-07T08:11:42.259127Z
Wisconsin,prophet,117208229.4649,106542504.8891,75.4115,1.015,v1,2026-05-07T08:11:42.259127Z
Wisconsin,xgboost,70253424.7987,61355757.8125,36.7663,6.522,v1,2026-05-07T08:11:42.259127Z
Wisconsin,lstm,103759053.645,85257405.9509,77.4641,15.479,v1,2026-05-07T08:11:42.259127Z
West Virginia,arima,76883344.1073,42087567.5634,136.3252,4.196,v1,2026-05-07T08:11:42.894322Z
West Virginia,prophet,56107062.5978,50706150.3018,76.1552,0.978,v1,2026-05-07T08:11:42.894322Z
West Virginia,xgboost,40204551.0633,34020022.0438,23.6967,6.482,v1,2026-05-07T08:11:42.894322Z
West Virginia,lstm,50848781.7048,43582070.5295,75.3369,16.46,v1,2026-05-07T08:11:42.894322Z
Wyoming,arima,21919557.183,12099908.6776,138.0733,2.609,v1,2026-05-07T08:11:43.241089Z
Wyoming,prophet,15713990.0109,13976542.2981,77.5388,0.757,v1,2026-05-07T08:11:43.241089Z
Wyoming,xgboost,12972182.7694,10683836.0437,59.227,4.119,v1,2026-05-07T08:11:43.241089Z
Wyoming,lstm,14159787.8998,11640829.9441,77.599,13.481,v1,2026-05-07T08:11:43.241089Z
